{"cameraMode":{"drawMode":0,"name":"Shaded","section":"Shading Mode"},"sceneLighting":true,"audioPlay":false,"sceneViewState":{"m_AlwaysRefresh":false,"showFog":true,"showSkybox":true,"showFlares":true,"showImageEffects":true,"showParticleSystems":true,"showVisualEffectGraphs":true,"m_FxEnabled":true},"in2DMode":false,"pivot":{"x":-0.5935182571411133,"y":0.15652060508728028,"z":-1.9447546005249024},"rotation":{"x":-0.04856060817837715,"y":0.933466374874115,"z":-0.13851185142993928,"w":-0.32726266980171206},"size":4.507394790649414,"orthographic":false}